exp_id,reading_times,number_of_fixations,fixation_duration,fixation_duration_div_syllable,fixation_duration_div_length,fixation_duration_diff,number_of_fixations_diff,reading_times_diff,y_true,y_pred
1156,1,1,332,166.0,36.888888888888886,332,1,1,1,1
1062,1,2,432,108.0,43.2,432,2,1,1,1
1156,0,0,0,0.0,0.0,-335,-1,-1,1,1
962,1,1,220,220.0,110.0,220,1,1,1,1
962,0,0,0,0.0,0.0,0,0,0,1,1
1062,0,0,0,0.0,0.0,-432,-2,-1,1,1
1132,1,2,860,215.0,78.18181818181819,860,2,1,1,1
1156,1,1,554,554.0,277.0,-12,0,0,1,1
1132,1,2,655,655.0,218.33333333333331,655,2,1,1,1
1062,1,2,652,652.0,130.4,451,1,0,1,1
902,1,1,358,358.0,119.33333333333331,69,0,0,1,1
962,2,2,919,459.5,131.28571428571428,919,2,2,1,1
902,1,1,254,254.0,84.66666666666667,-246,-1,-1,1,1
1130,0,0,0,0.0,0.0,-208,-1,-1,1,1
1156,0,0,0,0.0,0.0,-403,-1,-1,1,1
1156,0,0,0,0.0,0.0,-230,-1,-1,1,1
1132,0,0,0,0.0,0.0,0,0,0,1,1
962,0,0,0,0.0,0.0,-303,-1,-1,1,1
962,2,3,1147,382.3333333333333,114.7,665,1,0,1,1
1062,0,0,0,0.0,0.0,-572,-2,-1,1,1
1132,1,1,214,214.0,71.33333333333333,214,1,1,1,1
902,0,0,0,0.0,0.0,0,0,0,1,1
962,0,0,0,0.0,0.0,-313,-1,-1,1,1
1132,2,4,1807,602.3333333333334,225.875,1807,4,2,0,0
1130,0,0,0,0.0,0.0,-363,-1,-1,1,1
1156,0,0,0,0.0,0.0,-652,-3,-2,1,1
1132,2,2,520,260.0,74.28571428571429,107,0,1,1,1
1062,0,0,0,0.0,0.0,-205,-1,-1,1,1
902,0,0,0,0.0,0.0,-532,-1,-1,1,1
1156,0,0,0,0.0,0.0,-751,-3,-1,1,1
1130,2,5,1608,536.0,178.66666666666666,657,2,0,1,1
1156,1,3,848,848.0,169.6,413,2,0,1,1
1055,0,0,0,0.0,0.0,-254,-1,-1,1,1
1062,1,1,252,252.0,84.0,252,1,1,1,1
1156,1,1,600,600.0,200.0,600,1,1,1,1
1132,1,1,260,86.66666666666667,37.142857142857146,260,1,1,1,1
1130,1,1,307,153.5,43.85714285714285,-34,0,0,1,1
1132,0,0,0,0.0,0.0,0,0,0,1,1
1130,0,0,0,0.0,0.0,-200,-1,-1,1,1
902,1,1,273,273.0,91.0,-315,-1,0,1,1
1062,1,1,268,268.0,268.0,47,0,0,1,1
1062,0,0,0,0.0,0.0,-707,-2,-1,1,1
962,0,0,0,0.0,0.0,0,0,0,1,1
902,1,1,217,54.25,21.7,217,1,1,1,1
962,0,0,0,0.0,0.0,0,0,0,1,1
1132,0,0,0,0.0,0.0,0,0,0,1,1
1062,1,1,538,538.0,134.5,538,1,1,1,1
902,1,1,366,366.0,183.0,-974,-2,-2,1,1
1055,2,3,927,309.0,84.27272727272727,927,3,2,0,1
1132,0,0,0,0.0,0.0,0,0,0,1,1
1132,0,0,0,0.0,0.0,0,0,0,1,1
1156,1,1,200,200.0,50.0,-2,0,0,1,1
902,0,0,0,0.0,0.0,-492,-1,-1,1,1
1062,0,0,0,0.0,0.0,-743,-3,-1,1,1
1156,1,2,401,401.0,66.83333333333333,69,1,0,1,1
1132,0,0,0,0.0,0.0,-201,-1,-1,1,1
1055,0,0,0,0.0,0.0,0,0,0,1,1
902,1,1,466,466.0,116.5,466,1,1,1,1
1156,0,0,0,0.0,0.0,-1073,-2,-2,1,1
1055,0,0,0,0.0,0.0,0,0,0,1,1
902,0,0,0,0.0,0.0,-217,-1,-1,1,1
1132,1,1,205,205.0,51.25,-556,-1,0,1,1
962,0,0,0,0.0,0.0,0,0,0,1,1
962,2,5,2202,1101.0,244.66666666666663,1990,4,1,0,0
1055,0,0,0,0.0,0.0,0,0,0,1,1
902,1,2,538,269.0,76.85714285714286,-229,0,0,1,1
1055,0,0,0,0.0,0.0,0,0,0,1,1
962,0,0,0,0.0,0.0,-214,-1,-1,1,1
1055,0,0,0,0.0,0.0,0,0,0,1,1
1132,0,0,0,0.0,0.0,0,0,0,1,1
962,0,0,0,0.0,0.0,0,0,0,1,1
1156,1,1,667,333.5,95.28571428571428,-105,0,0,1,1
1062,1,1,488,488.0,162.66666666666666,0,0,0,1,1
1156,0,0,0,0.0,0.0,0,0,0,1,1
1132,1,1,217,217.0,108.5,-67,0,0,1,1
1132,0,0,0,0.0,0.0,-516,-2,-1,1,1
1130,0,0,0,0.0,0.0,-470,-2,-1,1,1
902,0,0,0,0.0,0.0,-580,-2,-1,1,1
962,0,0,0,0.0,0.0,0,0,0,1,1
962,1,1,216,216.0,72.0,216,1,1,1,1
1055,1,1,515,515.0,128.75,515,1,1,1,1
1055,1,1,225,45.0,15.0,225,1,1,1,1
902,0,0,0,0.0,0.0,-417,-2,-1,1,1
902,0,0,0,0.0,0.0,0,0,0,1,1
1130,0,0,0,0.0,0.0,0,0,0,1,1
1156,1,2,613,613.0,153.25,212,1,0,1,1
962,1,1,203,203.0,50.75,-112,0,0,1,1
1132,0,0,0,0.0,0.0,-353,-1,-1,1,1
962,1,1,440,440.0,146.66666666666666,-858,-1,0,1,1
1130,0,0,0,0.0,0.0,-311,-1,-1,1,1
962,0,0,0,0.0,0.0,0,0,0,1,1
1055,0,0,0,0.0,0.0,0,0,0,1,1
1156,1,1,463,154.33333333333334,46.3,33,-1,0,1,1
1156,1,1,299,149.5,42.71428571428572,83,0,0,1,1
1130,0,0,0,0.0,0.0,-230,-1,-1,1,1
962,0,0,0,0.0,0.0,0,0,0,1,1
902,0,0,0,0.0,0.0,0,0,0,1,1
1055,1,2,424,141.33333333333334,42.4,207,1,0,1,1
1132,0,0,0,0.0,0.0,0,0,0,1,1
902,1,1,332,332.0,110.66666666666669,-743,-3,-1,1,1
1132,0,0,0,0.0,0.0,0,0,0,1,1
1156,1,2,911,303.6666666666667,113.875,6,-1,-1,0,1
962,1,1,279,139.5,46.5,279,1,1,1,1
962,0,0,0,0.0,0.0,0,0,0,1,1
1132,0,0,0,0.0,0.0,0,0,0,1,1
1055,0,0,0,0.0,0.0,0,0,0,1,1
962,1,1,788,788.0,262.6666666666667,788,1,1,1,1
1062,1,2,435,435.0,108.75,-299,-1,0,1,1
1132,1,2,782,260.6666666666667,78.2,782,2,1,1,1
1132,0,0,0,0.0,0.0,0,0,0,1,1
1156,0,0,0,0.0,0.0,0,0,0,1,1
1055,0,0,0,0.0,0.0,-239,-1,-1,1,1
902,1,1,225,75.0,22.5,-114,0,0,1,1
902,2,2,520,520.0,173.33333333333334,116,0,0,1,1
1055,0,0,0,0.0,0.0,0,0,0,0,1
1156,1,1,232,232.0,116.0,-46,0,0,1,1
902,0,0,0,0.0,0.0,-823,-3,-1,1,1
1156,1,2,553,553.0,110.6,71,1,0,1,1
1156,0,0,0,0.0,0.0,-814,-2,-1,1,1
1156,1,2,490,490.0,122.5,490,2,1,1,1
1055,1,1,270,270.0,135.0,0,0,0,1,1
1130,0,0,0,0.0,0.0,0,0,0,1,1
1132,1,1,208,69.33333333333333,29.714285714285715,-52,0,0,1,1
902,3,3,917,458.5,183.4,917,3,3,1,1
1062,1,1,389,389.0,129.66666666666666,-248,-1,0,1,1
902,1,2,503,503.0,167.66666666666666,220,1,0,1,1
962,0,0,0,0.0,0.0,0,0,0,1,1
1130,1,1,414,103.5,34.5,414,1,1,0,1
1062,0,0,0,0.0,0.0,0,0,0,1,1
1055,0,0,0,0.0,0.0,-962,-3,-1,1,1
1156,2,2,422,140.66666666666666,52.75,422,2,2,1,1
1062,1,1,1032,516.0,114.66666666666669,764,0,0,0,1
1156,1,1,366,122.0,40.66666666666666,165,0,0,1,1
1130,1,1,341,341.0,85.25,341,1,1,1,1
1132,0,0,0,0.0,0.0,0,0,0,1,1
1132,1,1,246,246.0,49.2,25,0,0,1,1
1156,1,1,234,234.0,58.5,-284,-1,-1,1,1
1062,3,3,747,747.0,106.71428571428572,-310,0,0,1,1
962,1,1,494,247.0,70.57142857142857,-439,-1,-1,1,1
1132,0,0,0,0.0,0.0,0,0,0,1,1
1055,0,0,0,0.0,0.0,-462,-1,-1,1,1
1055,0,0,0,0.0,0.0,-317,-1,-1,1,1
1062,1,1,285,95.0,28.5,3,0,0,1,1
1132,1,1,376,188.0,41.77777777777778,376,1,1,1,1
1062,0,0,0,0.0,0.0,0,0,0,1,1
1055,0,0,0,0.0,0.0,0,0,0,1,1
902,0,0,0,0.0,0.0,-263,-1,-1,1,1
1062,0,0,0,0.0,0.0,-312,-1,-1,1,1
1132,0,0,0,0.0,0.0,0,0,0,1,1
1062,1,1,205,205.0,68.33333333333333,-442,-1,-1,1,1
1132,0,0,0,0.0,0.0,0,0,0,1,1
962,1,2,1221,610.5,135.66666666666666,1221,2,1,1,1
1156,0,0,0,0.0,0.0,0,0,0,1,1
1156,1,1,200,200.0,66.66666666666667,200,1,1,1,1
1055,0,0,0,0.0,0.0,0,0,0,1,1
1132,2,2,507,253.5,84.5,-1300,-2,0,1,1
1132,1,1,218,109.0,27.25,-196,0,0,1,1
1130,0,0,0,0.0,0.0,0,0,0,1,1
962,1,1,219,219.0,54.75,13,0,0,1,1
1132,0,0,0,0.0,0.0,0,0,0,1,1
1062,1,1,408,408.0,136.0,408,1,1,1,1
1055,1,1,313,313.0,78.25,313,1,1,1,1
902,0,0,0,0.0,0.0,0,0,0,1,1
962,0,0,0,0.0,0.0,-253,-1,-1,1,1
1132,1,1,234,117.0,33.42857142857143,234,1,1,1,1
902,0,0,0,0.0,0.0,-244,-1,-1,1,1
902,1,1,201,100.5,33.5,201,1,1,1,1
1062,1,1,330,110.0,41.25,77,0,0,1,1
1055,0,0,0,0.0,0.0,0,0,0,1,1
962,0,0,0,0.0,0.0,0,0,0,1,1
1132,1,1,327,327.0,109.0,115,0,0,1,1
902,1,1,224,224.0,74.66666666666667,224,1,1,1,1
1156,0,0,0,0.0,0.0,-266,-1,-1,1,1
902,0,0,0,0.0,0.0,0,0,0,1,1
962,0,0,0,0.0,0.0,0,0,0,1,1
1130,0,0,0,0.0,0.0,-582,-2,-2,1,1
1156,0,0,0,0.0,0.0,0,0,0,1,1
1132,0,0,0,0.0,0.0,-337,-1,-1,1,1
1062,1,2,602,301.0,100.33333333333331,602,2,1,1,1
1156,1,2,401,401.0,66.83333333333333,-66,1,0,1,1
962,0,0,0,0.0,0.0,0,0,0,1,1
902,1,1,300,300.0,50.0,300,1,1,1,1
1055,0,0,0,0.0,0.0,-279,-1,-1,1,1
1130,0,0,0,0.0,0.0,0,0,0,1,1
1156,0,0,0,0.0,0.0,0,0,0,1,1
962,0,0,0,0.0,0.0,-1124,-3,-1,1,1
1062,0,0,0,0.0,0.0,0,0,0,1,1
1132,0,0,0,0.0,0.0,0,0,0,1,1
1132,1,1,853,853.0,426.5,641,0,0,1,1
1055,1,2,710,710.0,142.0,-874,-3,0,1,1
1156,1,1,403,134.33333333333334,50.375,-295,-1,0,1,1
902,0,0,0,0.0,0.0,-228,-1,-1,1,1
962,0,0,0,0.0,0.0,-930,-1,-1,1,1
1062,0,0,0,0.0,0.0,-435,-2,-1,1,1
1132,0,0,0,0.0,0.0,0,0,0,1,1
1156,1,2,698,698.0,139.6,364,1,0,1,1
1055,1,2,433,216.5,48.11111111111112,433,2,1,1,1
902,0,0,0,0.0,0.0,0,0,0,1,1
962,0,0,0,0.0,0.0,0,0,0,1,1
962,0,0,0,0.0,0.0,0,0,0,1,1
1156,1,1,498,249.0,71.14285714285714,285,0,0,1,1
1062,0,0,0,0.0,0.0,-213,-1,-1,1,1
1055,0,0,0,0.0,0.0,0,0,0,1,1
1055,0,0,0,0.0,0.0,-269,-1,-1,1,1
902,0,0,0,0.0,0.0,-555,-1,-1,1,1
1055,0,0,0,0.0,0.0,0,0,0,1,1
1055,0,0,0,0.0,0.0,0,0,0,1,1
1156,1,1,201,201.0,67.0,201,1,1,1,1
1055,0,0,0,0.0,0.0,-240,-1,-1,1,1
962,1,1,309,309.0,61.8,309,1,1,1,1
1130,0,0,0,0.0,0.0,-586,-1,-1,1,1
1156,0,0,0,0.0,0.0,0,0,0,1,1
1156,0,0,0,0.0,0.0,0,0,0,1,1
1156,1,1,568,568.0,284.0,368,0,0,1,1
1132,0,0,0,0.0,0.0,0,0,0,1,1
1130,0,0,0,0.0,0.0,0,0,0,1,1
1062,1,1,769,769.0,192.25,769,1,1,1,1
1055,0,0,0,0.0,0.0,0,0,0,1,1
962,1,1,221,221.0,44.2,221,1,1,1,1
1130,0,0,0,0.0,0.0,-402,-1,-1,1,1
1132,1,1,234,234.0,78.0,234,1,1,1,1
1132,1,1,219,219.0,43.8,-575,0,0,1,1
1132,0,0,0,0.0,0.0,-490,-2,-2,1,1
1156,1,1,202,67.33333333333333,16.833333333333332,-265,0,0,1,1
962,1,1,270,270.0,90.0,60,0,0,1,1
1055,0,0,0,0.0,0.0,0,0,0,1,1
962,0,0,0,0.0,0.0,0,0,0,1,1
902,0,0,0,0.0,0.0,-216,-1,-1,1,1
1055,1,1,640,640.0,160.0,640,1,1,1,1
1156,2,3,912,912.0,152.0,912,3,2,1,1
1062,1,1,218,218.0,43.6,218,1,1,1,1
902,1,1,318,159.0,53.0,-40,0,0,1,1
902,0,0,0,0.0,0.0,-599,-1,-1,1,1
1132,0,0,0,0.0,0.0,-251,-1,-1,1,1
1062,1,1,361,361.0,180.5,-1399,-2,-1,1,1
1062,1,1,214,107.0,26.75,-127,0,0,1,1
1156,0,0,0,0.0,0.0,-335,-1,-1,1,1
1055,1,1,264,264.0,66.0,264,1,1,1,1
962,1,2,559,279.5,69.875,-293,0,-1,1,1
1055,0,0,0,0.0,0.0,0,0,0,1,1
1156,1,1,284,94.66666666666669,31.55555555555556,284,1,1,1,1
1132,1,1,466,466.0,233.0,466,1,1,1,1
902,1,1,318,318.0,79.5,-379,-1,-1,1,1
1132,0,0,0,0.0,0.0,-754,-1,-1,1,1
1130,0,0,0,0.0,0.0,-287,-1,-1,1,1
1132,0,0,0,0.0,0.0,0,0,0,1,1
1055,0,0,0,0.0,0.0,0,0,0,1,1
1132,0,0,0,0.0,0.0,0,0,0,1,1
1156,0,0,0,0.0,0.0,0,0,0,1,1
962,0,0,0,0.0,0.0,-221,-1,-1,1,1
1062,1,1,269,269.0,89.66666666666667,269,1,1,1,1
1130,0,0,0,0.0,0.0,-482,-1,-1,1,1
1132,2,2,564,282.0,112.8,564,2,2,1,1
902,0,0,0,0.0,0.0,0,0,0,1,1
902,1,1,229,76.33333333333333,28.625,28,0,0,1,1
1132,0,0,0,0.0,0.0,0,0,0,1,1
1156,1,2,499,166.33333333333334,55.44444444444444,249,1,0,0,1
902,2,2,406,203.0,58.0,-1601,-3,-1,1,1
1132,0,0,0,0.0,0.0,0,0,0,1,1
1055,0,0,0,0.0,0.0,-315,-1,-1,1,1
962,0,0,0,0.0,0.0,-490,-2,-1,1,1
1132,0,0,0,0.0,0.0,0,0,0,1,1
1132,0,0,0,0.0,0.0,-1317,-3,-1,1,1
962,1,1,369,369.0,123.0,133,0,0,1,1
902,1,2,874,874.0,174.8,874,2,1,1,1
962,0,0,0,0.0,0.0,0,0,0,1,1
1062,1,1,270,135.0,33.75,66,0,0,1,1
1055,0,0,0,0.0,0.0,0,0,0,1,1
1132,0,0,0,0.0,0.0,-299,-1,-1,1,1
1062,1,1,382,382.0,127.33333333333331,382,1,1,1,1
1156,0,0,0,0.0,0.0,-201,-1,-1,1,1
962,0,0,0,0.0,0.0,0,0,0,1,1
1055,0,0,0,0.0,0.0,-421,-2,-1,1,1
1062,1,2,1090,1090.0,272.5,1090,2,1,1,1
1062,0,0,0,0.0,0.0,-1032,-1,-1,1,1
1055,0,0,0,0.0,0.0,-514,-1,-1,1,1
1132,0,0,0,0.0,0.0,-221,-1,-1,1,1
1156,2,2,518,518.0,129.5,318,1,1,1,1
1055,0,0,0,0.0,0.0,-790,-3,-3,1,1
1156,0,0,0,0.0,0.0,0,0,0,1,1
1156,0,0,0,0.0,0.0,-853,-2,-1,1,1
962,0,0,0,0.0,0.0,0,0,0,1,1
1062,1,2,852,852.0,284.0,852,2,1,1,1
1055,0,0,0,0.0,0.0,-468,-1,-1,1,1
1062,0,0,0,0.0,0.0,-219,-1,-1,1,1
1132,0,0,0,0.0,0.0,-552,-2,-1,1,1
1130,0,0,0,0.0,0.0,-214,-1,-1,1,1
1055,0,0,0,0.0,0.0,0,0,0,1,1
1055,0,0,0,0.0,0.0,-507,-1,-1,1,1
1055,0,0,0,0.0,0.0,0,0,0,1,1
962,0,0,0,0.0,0.0,0,0,0,1,1
902,1,1,218,218.0,72.66666666666667,-114,0,0,1,1
1055,0,0,0,0.0,0.0,0,0,0,1,1
902,1,1,437,437.0,87.4,437,1,1,1,1
1156,2,2,455,151.66666666666666,45.5,248,1,1,1,1
1055,1,1,213,106.5,35.5,213,1,1,1,1
1062,0,0,0,0.0,0.0,-652,-2,-1,1,1
1132,2,3,717,358.5,102.42857142857144,264,1,1,1,1
962,0,0,0,0.0,0.0,-563,-1,-1,1,1
902,0,0,0,0.0,0.0,0,0,0,1,1
1130,0,0,0,0.0,0.0,0,0,0,1,1
1055,1,1,208,104.0,29.714285714285715,-580,-2,-2,1,1
1132,0,0,0,0.0,0.0,-240,-1,-1,1,1
1130,0,0,0,0.0,0.0,0,0,0,1,1
962,0,0,0,0.0,0.0,-219,-1,-1,1,1
1156,1,2,547,273.5,68.375,319,1,0,1,1
1156,0,0,0,0.0,0.0,-598,-1,-1,1,1
1130,0,0,0,0.0,0.0,-353,-1,-1,1,1
1062,1,2,583,583.0,116.6,583,2,1,1,1
1055,0,0,0,0.0,0.0,-270,-1,-1,0,1
962,2,2,1100,1100.0,220.0,267,-1,-1,1,1
962,0,0,0,0.0,0.0,-201,-1,-1,1,1
902,3,5,1546,386.5,110.42857142857144,1105,4,2,1,0
1130,1,1,287,287.0,95.66666666666669,287,1,1,1,1
1055,0,0,0,0.0,0.0,0,0,0,1,1
962,1,1,207,103.5,25.875,207,1,1,1,1
1132,1,1,251,125.5,35.857142857142854,-130,0,0,1,1
1130,0,0,0,0.0,0.0,0,0,0,1,1
1062,0,0,0,0.0,0.0,-602,-2,-1,1,1
1156,3,4,1691,845.5,241.57142857142856,1424,3,2,0,1
1156,1,1,482,482.0,120.5,-429,-1,0,1,1
1062,1,1,376,188.0,62.66666666666666,-216,-1,0,1,1
902,2,2,404,202.0,57.71428571428572,-83,0,0,1,1
1132,0,0,0,0.0,0.0,0,0,0,1,1
962,0,0,0,0.0,0.0,0,0,0,1,1
1132,1,1,251,251.0,50.2,50,0,0,1,1
962,1,1,201,100.5,33.5,-128,0,0,1,1
962,0,0,0,0.0,0.0,-222,-1,-1,1,1
962,1,1,710,710.0,236.66666666666663,710,1,1,1,1
1062,1,1,201,201.0,50.25,201,1,1,1,1
1132,1,1,299,149.5,59.8,-179,0,0,1,1
962,1,1,565,282.5,80.71428571428571,565,1,1,1,1
902,2,4,1075,537.5,179.16666666666666,1075,4,2,1,1
962,0,0,0,0.0,0.0,0,0,0,1,1
902,1,2,588,196.0,65.33333333333333,141,1,0,1,1
902,1,1,217,108.5,36.16666666666666,-185,0,0,1,1
1130,0,0,0,0.0,0.0,0,0,0,1,1
902,3,3,1340,670.0,223.33333333333331,1340,3,3,1,1
1062,1,1,201,201.0,40.2,201,1,1,1,1
962,2,2,531,177.0,59.0,-569,0,0,1,1
1055,0,0,0,0.0,0.0,0,0,0,1,1
1062,0,0,0,0.0,0.0,-483,-2,-1,1,1
1055,0,0,0,0.0,0.0,0,0,0,1,1
1156,1,1,568,284.0,81.14285714285714,-431,0,0,1,1
1055,0,0,0,0.0,0.0,-243,-1,-1,1,1
902,0,0,0,0.0,0.0,0,0,0,1,1
1156,1,1,467,467.0,93.4,198,0,0,1,1
902,1,1,201,201.0,100.5,-673,-1,0,1,1
1132,0,0,0,0.0,0.0,0,0,0,1,1
962,0,0,0,0.0,0.0,0,0,0,1,1
962,1,1,308,308.0,77.0,83,0,0,1,1
962,1,2,1218,609.0,174.0,1218,2,1,0,1
902,0,0,0,0.0,0.0,-510,-1,-1,1,1
1132,1,1,215,215.0,30.714285714285715,0,0,0,1,1
962,0,0,0,0.0,0.0,0,0,0,1,1
1132,0,0,0,0.0,0.0,0,0,0,1,1
1132,0,0,0,0.0,0.0,0,0,0,1,1
1156,1,1,985,985.0,492.5,750,0,0,1,1
1055,0,0,0,0.0,0.0,0,0,0,1,1
1062,1,1,421,421.0,84.2,421,1,1,1,1
902,1,2,949,237.25,94.9,725,1,0,0,1
1156,2,2,465,465.0,116.25,465,2,2,1,1
1055,1,1,208,69.33333333333333,29.714285714285715,208,1,1,1,1
902,1,1,302,302.0,100.66666666666669,302,1,1,1,1
1132,1,3,772,772.0,128.66666666666666,59,2,0,1,1
1130,1,1,363,363.0,121.0,159,0,0,1,1
902,1,1,205,102.5,34.166666666666664,-128,0,0,1,1
1130,0,0,0,0.0,0.0,0,0,0,1,1
902,0,0,0,0.0,0.0,-217,-1,-1,1,1
1132,1,1,213,213.0,53.25,-38,0,0,1,1
1130,0,0,0,0.0,0.0,0,0,0,1,1
1055,0,0,0,0.0,0.0,0,0,0,1,1
1156,0,0,0,0.0,0.0,0,0,0,1,1
1156,0,0,0,0.0,0.0,0,0,0,1,1
1156,0,0,0,0.0,0.0,0,0,0,1,1
1156,0,0,0,0.0,0.0,0,0,0,1,1
1055,0,0,0,0.0,0.0,0,0,0,1,1
1130,1,1,656,328.0,82.0,656,1,1,1,1
1132,0,0,0,0.0,0.0,0,0,0,1,1
1055,0,0,0,0.0,0.0,0,0,0,1,1
962,0,0,0,0.0,0.0,-602,-1,-1,1,1
1132,1,1,544,272.0,108.8,-145,-1,0,1,1
962,0,0,0,0.0,0.0,0,0,0,1,1
1156,0,0,0,0.0,0.0,0,0,0,1,1
1156,1,2,660,660.0,220.0,660,2,1,1,1
902,0,0,0,0.0,0.0,-605,-2,-2,1,1
1055,2,2,638,212.66666666666663,70.88888888888889,0,0,0,1,1
902,2,2,576,576.0,192.0,244,1,1,1,1
962,1,1,930,930.0,186.0,930,1,1,1,1
1132,0,0,0,0.0,0.0,-729,-1,-1,1,1
1132,0,0,0,0.0,0.0,0,0,0,1,1
962,0,0,0,0.0,0.0,-234,-1,-1,1,1
1132,0,0,0,0.0,0.0,-1329,-4,-3,1,1
902,1,1,225,75.0,22.5,-77,0,0,1,1
962,0,0,0,0.0,0.0,-414,-2,-1,1,1
1132,0,0,0,0.0,0.0,-1386,-3,-2,0,1
1062,2,2,1077,538.5,153.85714285714286,641,0,1,0,1
902,0,0,0,0.0,0.0,0,0,0,1,1
1055,0,0,0,0.0,0.0,-237,-1,-1,1,1
1062,1,1,221,221.0,44.2,221,1,1,1,1
1156,2,3,905,301.6666666666667,75.41666666666667,-758,-3,0,0,1
1132,1,1,219,219.0,54.75,-70,0,0,1,1
1055,0,0,0,0.0,0.0,-425,-1,-1,1,1
1055,0,0,0,0.0,0.0,0,0,0,1,1
1055,0,0,0,0.0,0.0,0,0,0,1,1
1132,1,1,221,221.0,73.66666666666667,-375,0,0,1,1
1132,0,0,0,0.0,0.0,0,0,0,1,1
1055,0,0,0,0.0,0.0,0,0,0,1,1
902,0,0,0,0.0,0.0,0,0,0,1,1
962,0,0,0,0.0,0.0,0,0,0,1,1
1062,1,1,208,208.0,69.33333333333333,208,1,1,1,1
902,0,0,0,0.0,0.0,0,0,0,1,1
1062,1,1,350,175.0,70.0,350,1,1,1,1
1055,0,0,0,0.0,0.0,0,0,0,1,1
962,1,1,359,359.0,89.75,92,0,0,1,1
962,2,2,482,482.0,68.85714285714286,-83,1,1,1,1
1062,1,2,761,380.5,152.2,39,-1,-2,1,1
1132,0,0,0,0.0,0.0,-218,-1,-1,1,1
1132,0,0,0,0.0,0.0,-207,-1,-1,1,1
962,0,0,0,0.0,0.0,-436,-2,-1,1,1
1055,0,0,0,0.0,0.0,0,0,0,1,1
1156,0,0,0,0.0,0.0,0,0,0,1,1
1055,0,0,0,0.0,0.0,0,0,0,1,1
962,0,0,0,0.0,0.0,0,0,0,1,1
1055,0,0,0,0.0,0.0,0,0,0,1,1
1130,0,0,0,0.0,0.0,-223,-1,-1,1,1
1055,0,0,0,0.0,0.0,-247,-1,-1,1,1
1130,0,0,0,0.0,0.0,-974,-3,-1,1,1
1055,1,1,200,200.0,50.0,-181,0,0,1,1
1132,1,1,205,205.0,102.5,-30,0,0,1,1
902,0,0,0,0.0,0.0,-516,-2,-1,1,1
1062,0,0,0,0.0,0.0,-466,-1,-1,1,1
1132,1,1,221,221.0,55.25,-296,0,0,1,1
902,0,0,0,0.0,0.0,-483,-2,-1,1,1
1132,0,0,0,0.0,0.0,0,0,0,1,1
962,0,0,0,0.0,0.0,0,0,0,1,1
962,1,1,267,267.0,89.0,30,0,0,1,1
962,1,1,201,201.0,40.2,-1053,-2,-1,1,1
962,1,1,234,234.0,78.0,234,1,1,1,1
1062,0,0,0,0.0,0.0,0,0,0,1,1
1156,1,1,267,267.0,53.4,66,0,0,1,1
902,2,3,832,832.0,166.4,832,3,2,1,1
1130,0,0,0,0.0,0.0,-387,-1,-1,1,1
1156,0,0,0,0.0,0.0,-534,-1,-1,0,1
962,1,1,247,247.0,247.0,-389,-1,-1,1,1
1062,0,0,0,0.0,0.0,0,0,0,1,1
1132,0,0,0,0.0,0.0,0,0,0,1,1
962,2,2,614,614.0,153.5,413,1,1,1,1
962,0,0,0,0.0,0.0,0,0,0,1,1
902,1,1,224,224.0,74.66666666666667,224,1,1,1,1
1156,0,0,0,0.0,0.0,-499,-2,-1,1,1
902,1,1,281,93.66666666666669,35.125,-156,0,0,1,1
902,1,1,332,332.0,83.0,61,0,0,1,1
1062,1,1,232,77.33333333333333,25.77777777777778,18,0,0,1,1
1130,1,1,767,383.5,127.83333333333331,562,0,0,1,1
1055,0,0,0,0.0,0.0,-409,-1,-1,1,1
1132,1,1,233,116.5,25.88888888888889,233,1,1,1,1
1130,0,0,0,0.0,0.0,0,0,0,1,1
1132,1,2,453,113.25,41.18181818181818,247,1,0,1,1
1055,0,0,0,0.0,0.0,0,0,0,1,1
902,0,0,0,0.0,0.0,-361,-1,-1,1,1
902,0,0,0,0.0,0.0,0,0,0,1,1
962,0,0,0,0.0,0.0,-216,-1,-1,1,1
1132,0,0,0,0.0,0.0,-1022,-3,-1,1,1
1130,1,1,200,66.66666666666667,33.333333333333336,200,1,1,0,1
1062,0,0,0,0.0,0.0,0,0,0,1,1
1062,1,2,707,235.66666666666663,78.55555555555556,246,0,0,1,1
1062,1,2,624,208.0,62.4,50,0,0,0,1
1156,0,0,0,0.0,0.0,-267,-1,-1,1,1
1132,0,0,0,0.0,0.0,-1044,-2,-1,1,1
1055,0,0,0,0.0,0.0,0,0,0,1,1
1055,0,0,0,0.0,0.0,0,0,0,1,1
962,1,1,208,69.33333333333333,23.11111111111111,-71,0,0,1,1
1062,1,1,379,379.0,189.5,379,1,1,1,1
1055,0,0,0,0.0,0.0,-418,-2,-2,1,1
1055,3,6,1767,883.5,196.33333333333331,967,4,1,0,1
1055,0,0,0,0.0,0.0,0,0,0,1,1
1055,0,0,0,0.0,0.0,0,0,0,1,1
1132,1,1,202,101.0,33.666666666666664,202,1,1,1,1
1132,1,3,1022,511.0,102.2,1022,3,1,1,1
1132,1,1,337,337.0,84.25,337,1,1,1,1
1055,1,1,212,70.66666666666667,23.55555555555556,212,1,1,1,1
1055,0,0,0,0.0,0.0,0,0,0,1,1
1130,0,0,0,0.0,0.0,-480,-1,-1,1,1
1132,1,2,459,153.0,51.0,459,2,1,1,1
1062,0,0,0,0.0,0.0,-676,-1,-1,1,1
1156,1,2,403,134.33333333333334,44.77777777777778,1,1,0,1,1
902,0,0,0,0.0,0.0,0,0,0,1,1
902,0,0,0,0.0,0.0,0,0,0,1,1
1130,0,0,0,0.0,0.0,-481,-2,-1,1,1
1055,0,0,0,0.0,0.0,0,0,0,1,1
1156,0,0,0,0.0,0.0,0,0,0,0,1
1062,0,0,0,0.0,0.0,0,0,0,1,1
1055,0,0,0,0.0,0.0,0,0,0,1,1
1055,0,0,0,0.0,0.0,0,0,0,1,1
1156,1,1,250,125.0,41.66666666666666,-419,0,0,0,1
1055,2,3,889,222.25,68.38461538461539,365,1,1,0,1
1062,1,1,207,69.0,25.875,-45,0,0,1,1
1062,1,2,498,166.0,45.27272727272727,498,2,1,1,1
1130,0,0,0,0.0,0.0,-933,-2,-1,1,1
1156,0,0,0,0.0,0.0,-236,-1,-1,1,1
962,0,0,0,0.0,0.0,0,0,0,1,1
1156,1,1,249,249.0,83.0,249,1,1,1,1
1156,0,0,0,0.0,0.0,0,0,0,1,1
1156,1,1,201,100.5,50.25,201,1,1,1,1
1132,0,0,0,0.0,0.0,0,0,0,1,1
1130,1,1,905,905.0,301.6666666666667,905,1,1,1,1
1062,0,0,0,0.0,0.0,-1090,-2,-1,1,1
902,1,1,347,347.0,86.75,347,1,1,1,1
1132,1,1,263,263.0,131.5,50,0,0,1,1
1132,1,1,381,381.0,381.0,381,1,1,1,1
902,1,1,501,501.0,83.5,501,1,1,0,1
1132,1,1,531,531.0,106.2,531,1,1,1,1
1132,1,1,738,738.0,246.0,738,1,1,1,1
1130,3,4,1198,399.3333333333333,119.8,1198,4,3,1,1
1062,0,0,0,0.0,0.0,0,0,0,1,1
1156,0,0,0,0.0,0.0,0,0,0,1,1
1130,0,0,0,0.0,0.0,0,0,0,1,1
1055,0,0,0,0.0,0.0,0,0,0,1,1
962,1,1,231,231.0,57.75,231,1,1,1,1
902,1,1,551,183.66666666666663,68.875,263,0,0,1,1
1130,1,3,974,324.6666666666667,121.75,974,3,1,1,1
1055,0,0,0,0.0,0.0,0,0,0,1,1
1055,0,0,0,0.0,0.0,-210,-1,-1,1,1
1130,1,2,749,374.5,124.83333333333331,-470,-1,-1,1,1
902,0,0,0,0.0,0.0,0,0,0,1,1
1062,3,3,716,358.0,102.28571428571428,-126,0,0,1,1
962,1,1,228,114.0,45.6,-297,-1,0,1,1
962,1,1,240,240.0,80.0,240,1,1,1,1
962,1,1,265,265.0,66.25,-207,0,0,1,1
902,1,1,205,205.0,51.25,2,0,0,1,1
902,0,0,0,0.0,0.0,0,0,0,1,1
1156,1,1,649,649.0,324.5,194,-1,-1,1,1
962,1,1,236,236.0,78.66666666666667,-29,0,0,1,1
1132,0,0,0,0.0,0.0,0,0,0,1,1
902,1,1,441,147.0,49.0,441,1,1,1,1
1062,1,1,215,107.5,30.714285714285715,6,0,0,1,1
1055,0,0,0,0.0,0.0,0,0,0,1,1
902,0,0,0,0.0,0.0,0,0,0,1,1
1132,1,1,222,222.0,44.4,-516,0,0,1,1
1132,0,0,0,0.0,0.0,-205,-1,-1,1,1
1132,2,2,641,320.5,160.25,410,1,1,1,1
1055,0,0,0,0.0,0.0,0,0,0,1,1
1130,0,0,0,0.0,0.0,0,0,0,1,1
902,0,0,0,0.0,0.0,0,0,0,1,1
1130,1,1,230,230.0,38.333333333333336,-406,-1,-1,1,1
962,0,0,0,0.0,0.0,0,0,0,1,1
962,1,1,350,350.0,116.66666666666669,30,0,0,1,1
962,2,2,485,485.0,161.66666666666666,485,2,2,1,1
1055,0,0,0,0.0,0.0,0,0,0,1,1
902,1,1,201,201.0,50.25,201,1,1,1,1
1055,0,0,0,0.0,0.0,0,0,0,1,1
1055,0,0,0,0.0,0.0,0,0,0,1,1
1156,1,1,564,282.0,94.0,564,1,1,1,1
902,0,0,0,0.0,0.0,-200,-1,-1,1,1
1132,0,0,0,0.0,0.0,0,0,0,1,1
1156,0,0,0,0.0,0.0,0,0,0,1,1
1055,0,0,0,0.0,0.0,0,0,0,1,1
1055,0,0,0,0.0,0.0,0,0,0,1,1
1062,1,1,561,187.0,80.14285714285714,561,1,1,1,1
1055,0,0,0,0.0,0.0,0,0,0,1,1
962,1,2,490,245.0,54.44444444444444,-40,0,-1,1,1
1055,0,0,0,0.0,0.0,-352,-1,-1,1,1
1132,1,1,237,237.0,79.0,-286,-1,0,1,1
962,0,0,0,0.0,0.0,-203,-1,-1,1,1
902,1,1,228,114.0,38.0,228,1,1,1,1
902,1,2,775,258.3333333333333,96.875,775,2,1,1,1
1055,0,0,0,0.0,0.0,-208,-1,-1,1,1
1132,0,0,0,0.0,0.0,0,0,0,1,1
1156,1,1,268,268.0,53.6,268,1,1,1,1
962,0,0,0,0.0,0.0,-1097,-4,-1,1,1
1055,1,1,366,366.0,183.0,166,0,0,1,1
1062,0,0,0,0.0,0.0,-517,-1,-1,1,1
1062,1,1,201,100.5,33.5,-43,0,0,1,1
962,0,0,0,0.0,0.0,0,0,0,1,1
902,2,2,605,605.0,302.5,-1230,-2,0,1,1
1132,0,0,0,0.0,0.0,0,0,0,1,1
1130,2,2,502,167.33333333333334,55.77777777777778,298,1,1,1,1
1156,0,0,0,0.0,0.0,-802,-2,-2,1,1
1055,1,1,423,105.75,42.3,423,1,1,1,1
962,0,0,0,0.0,0.0,0,0,0,1,1
1156,0,0,0,0.0,0.0,0,0,0,1,1
1156,0,0,0,0.0,0.0,0,0,0,1,1
1130,0,0,0,0.0,0.0,0,0,0,1,1
1156,1,1,401,401.0,200.5,35,0,0,1,1
962,1,1,223,223.0,55.75,-47,0,0,1,1
1062,1,1,232,77.33333333333333,33.142857142857146,-187,0,0,1,1
1055,0,0,0,0.0,0.0,0,0,0,1,1
1132,1,3,733,244.33333333333331,81.44444444444444,733,3,1,1,1
902,1,1,216,216.0,108.0,-9,0,0,1,1
1055,0,0,0,0.0,0.0,0,0,0,1,1
962,1,1,262,131.0,29.11111111111111,262,1,1,1,1
962,1,2,554,554.0,92.33333333333331,-593,-1,-1,1,1
1055,2,3,1128,376.0,125.33333333333331,1128,3,2,1,1
962,0,0,0,0.0,0.0,0,0,0,1,1
962,1,1,473,473.0,94.6,473,1,1,1,1
1062,0,0,0,0.0,0.0,-435,-1,-1,1,1
1132,1,1,581,581.0,116.2,128,-1,0,1,1
1055,2,2,800,266.6666666666667,100.0,595,1,1,1,1
1062,1,2,608,202.66666666666663,67.55555555555556,152,1,0,1,1
1156,1,1,228,114.0,38.0,228,1,1,1,1
962,1,1,796,398.0,132.66666666666666,796,1,1,1,1
1055,1,1,216,72.0,21.6,216,1,1,1,1
1130,1,2,832,832.0,118.85714285714286,832,2,1,1,1
1132,0,0,0,0.0,0.0,0,0,0,1,1
1062,1,3,743,371.5,82.55555555555556,743,3,1,1,1
1055,1,1,397,397.0,198.5,397,1,1,1,1
902,0,0,0,0.0,0.0,0,0,0,1,1
1132,1,1,596,298.0,99.33333333333331,393,0,0,1,1
1055,1,2,524,524.0,262.0,324,1,0,1,1
902,1,1,541,180.33333333333331,60.11111111111112,541,1,1,1,1
1055,0,0,0,0.0,0.0,0,0,0,1,1
962,1,2,768,768.0,109.71428571428572,156,1,0,1,1
1132,0,0,0,0.0,0.0,0,0,0,1,1
1055,1,2,423,423.0,211.5,423,2,1,1,1
1055,1,1,380,190.0,54.285714285714285,380,1,1,1,1
1132,1,1,233,233.0,77.66666666666667,233,1,1,1,1
962,0,0,0,0.0,0.0,0,0,0,1,1
962,0,0,0,0.0,0.0,0,0,0,1,1
962,0,0,0,0.0,0.0,0,0,0,1,1
1132,3,4,1329,664.5,189.8571428571429,-531,-3,-1,1,1
962,0,0,0,0.0,0.0,0,0,0,1,1
902,0,0,0,0.0,0.0,-225,-1,-1,1,1
1132,1,1,350,350.0,87.5,128,0,0,1,1
1130,0,0,0,0.0,0.0,0,0,0,1,1
1132,0,0,0,0.0,0.0,-205,-1,-1,1,1
1062,2,2,569,569.0,142.25,352,1,1,1,1
1156,1,1,335,335.0,83.75,-218,-1,0,1,1
1132,0,0,0,0.0,0.0,-741,-3,-2,1,1
1130,1,2,469,469.0,78.16666666666667,469,2,1,1,1
962,0,0,0,0.0,0.0,0,0,0,1,1
962,0,0,0,0.0,0.0,-369,-1,-1,1,1
1055,0,0,0,0.0,0.0,-368,-1,-1,1,1
1062,1,2,544,136.0,45.333333333333336,544,2,1,0,1
1055,1,1,317,317.0,105.66666666666669,317,1,1,1,1
962,0,0,0,0.0,0.0,0,0,0,1,1
902,1,1,251,62.75,25.1,251,1,1,1,1
1130,1,2,475,475.0,95.0,49,0,-1,1,1
1132,0,0,0,0.0,0.0,0,0,0,1,1
1132,0,0,0,0.0,0.0,0,0,0,1,1
1132,2,3,1386,462.0,126.0,1386,3,2,1,1
902,0,0,0,0.0,0.0,0,0,0,1,1
1055,0,0,0,0.0,0.0,0,0,0,1,1
1156,1,1,467,467.0,93.4,217,0,0,1,1
1132,0,0,0,0.0,0.0,0,0,0,1,1
962,0,0,0,0.0,0.0,-383,-1,-1,1,1
1055,0,0,0,0.0,0.0,0,0,0,1,1
1156,0,0,0,0.0,0.0,-906,-3,-1,1,1
1130,2,2,458,458.0,229.0,252,1,1,1,1
1055,1,1,222,222.0,74.0,-800,-2,-1,1,1
1130,1,1,453,453.0,151.0,453,1,1,1,1
902,0,0,0,0.0,0.0,-576,-2,-2,1,1
1055,0,0,0,0.0,0.0,0,0,0,1,1
1156,1,1,250,125.0,41.66666666666666,250,1,1,1,1
1055,0,0,0,0.0,0.0,0,0,0,1,1
962,2,2,636,636.0,159.0,409,1,1,1,1
1156,0,0,0,0.0,0.0,-332,-1,-1,1,1
962,0,0,0,0.0,0.0,-472,-2,-1,1,1
962,2,3,1254,627.0,179.14285714285714,1036,2,1,1,1
902,0,0,0,0.0,0.0,-218,-1,-1,1,1
1156,1,2,430,430.0,86.0,225,1,0,1,1
1156,1,2,814,814.0,271.3333333333333,814,2,1,1,1
1156,0,0,0,0.0,0.0,0,0,0,1,1
902,0,0,0,0.0,0.0,0,0,0,1,1
1055,1,2,446,223.0,74.33333333333333,446,2,1,1,1
962,2,3,725,362.5,80.55555555555556,725,3,2,1,1
1062,1,1,570,190.0,47.5,570,1,1,1,1
1156,0,0,0,0.0,0.0,-490,-2,-1,1,1
902,0,0,0,0.0,0.0,-264,-1,-1,1,1
962,1,1,253,253.0,126.5,253,1,1,1,1
1130,2,2,517,172.33333333333334,73.85714285714286,-280,0,0,1,1
1055,1,1,400,133.33333333333334,44.44444444444444,400,1,1,1,1
962,2,2,852,852.0,284.0,-31,-1,-1,1,1
902,0,0,0,0.0,0.0,0,0,0,1,1
1156,1,1,337,337.0,112.33333333333331,136,0,0,1,1
1156,1,2,838,279.3333333333333,83.8,605,1,0,1,1
962,0,0,0,0.0,0.0,0,0,0,1,1
